{"cameraMode":{"drawMode":0,"name":"Shaded","section":"Shading Mode"},"sceneLighting":true,"audioPlay":false,"sceneViewState":{"showFog":true,"showMaterialUpdate":false,"showSkybox":true,"showFlares":true,"showImageEffects":true,"showParticleSystems":true},"in2DMode":false,"pivot":{"x":27.457277297973634,"y":-4.2035040855407719,"z":18.602943420410158},"rotation":{"x":-0.27739787101745608,"y":-0.4309927225112915,"z":0.14115232229232789,"w":-0.8469879031181336},"size":27.52165985107422,"orthographic":false}