{"cameraMode":{"drawMode":0,"name":"Shaded","section":"Shading Mode"},"sceneLighting":true,"audioPlay":false,"sceneViewState":{"showFog":true,"showMaterialUpdate":false,"showSkybox":true,"showFlares":true,"showImageEffects":true,"showParticleSystems":true},"in2DMode":false,"pivot":{"x":-8.264596939086914,"y":6.936994552612305,"z":-18.16134262084961},"rotation":{"x":-0.281564861536026,"y":-0.09521321207284928,"z":0.02785232849419117,"w":-0.954552948474884},"size":0.3339746594429016,"orthographic":false}